Status,Solve,Objval
OPTIMAL,69.90899991989136,3.620699765142248e10
