Status,Solve,Objval
OPTIMAL,40.49000000953674,6.157664469531753e9
