Costs,Total,Zone1
cTotal,4.879950304085716e9,4.879950304085635e9
cFix,2.618866030997428e9,2.618866030997428e9
cVar,2.181421148053495e9,2.1814211480534587e9
cNSE,4.972326190979073e7,4.9723261909790754e7
cStart,2.9939863124958053e7,2.9939863124958053e7
cUnmetRsv,0.0,-
cNetworkExp,0.0,-
