Costs,Total,Zone1
cTotal,5.133186102592549e9,5.133186102592605e9
cFix,2.736240515280746e9,2.736240515280746e9
cVar,2.3169011964331527e9,2.3169011964332013e9
cNSE,7.08711141452256e7,7.087111414522561e7
cStart,9.173276733431272e6,9.173276733431272e6
cUnmetRsv,0.0,-
cNetworkExp,0.0,-
