Status,Solve,Objval
OPTIMAL,30.605000019073486,4.879950304085716e9
