Status,Solve,Objval
OPTIMAL,23.150439023971558,4.879950304085719e9
