Status,Solve,Objval
OPTIMAL,47.28800010681152,5.133186102592549e9
