Status,Solve,Objval
OPTIMAL,54.88100004196167,5.919458557235895e9
