Status,Solve,Objval
OPTIMAL,46.78399991989136,6.4079856248481045e9
