Status,Solve,Objval
OPTIMAL,41.08899998664856,6.368733853020218e9
