Status,Solve,Objval
OPTIMAL,42.460999965667725,6.148773886504207e9
