Status,Solve,Objval
OPTIMAL,52.920000076293945,3.614488128857208e10
