Status,Solve,Objval
OPTIMAL,40.91900014877319,5.963470778362072e9
