Status,Solve,Objval
OPTIMAL,39.31399989128113,5.961883905316258e9
