Costs,Total,Zone1
cTotal,3.622338397430585e10,3.622338397430518e10
cFix,3.1564259267899506e10,3.1564259267899506e10
cVar,4.336394355796537e9,4.336394355795695e9
cNSE,1.7069921128176984e8,1.706992112817698e8
cStart,1.5203113932820934e8,1.5203113932820934e8
cUnmetRsv,0.0,-
cNetworkExp,0.0,-
