Status,Solve,Objval
OPTIMAL,276.2660000324249,3.622338397430585e10
