Status,Solve,Objval
OPTIMAL,46.40299987792969,6.131542548960259e9
