Status,Solve,Objval
OPTIMAL,58.19500017166138,5.94612668203829e9
