Status,Solve,Objval
OPTIMAL,59.08899998664856,5.9194585762294035e9
