Status,Solve,Objval
OPTIMAL,56.169999837875366,6.399625939398246e9
