Status,Solve,Objval
OPTIMAL,136.83699989318848,5.960033981892451e9
