Status,Solve,Objval
OPTIMAL,44.16199994087219,6.420876279007808e9
