Status,Solve,Objval
OPTIMAL,71.40899991989136,6.387402429786508e9
