Status,Solve,Objval
OPTIMAL,99.55499982833862,5.556195238118322e9
