Status,Solve,Objval
OPTIMAL,46.2260000705719,6.423196963470998e9
