Status,Solve,Objval
OPTIMAL,438.38048696517944,6.80279864542566e9
