Status,Solve,Objval
OPTIMAL,73.21499991416931,3.571273707664315e10
