Status,Solve,Objval
OPTIMAL,44.40599989891052,5.961883888640013e9
