Costs,Total,Zone1
cTotal,6.427563062613458e9,6.427563062613483e9
cFix,5.418023564425151e9,5.418023564425151e9
cVar,9.153827703404522e8,9.153827703404648e8
cNSE,5.117328560672351e7,5.1173285606723495e7
cStart,4.2983442241143435e7,4.2983442241143435e7
cUnmetRsv,0.0,-
cNetworkExp,0.0,-
