Status,Solve,Objval
OPTIMAL,59.00699996948242,6.427563062613458e9
