Costs,Total,Zone1
cTotal,5.766547776891738e9,5.766547776891864e9
cFix,3.76726370287199e9,3.76726370287199e9
cVar,1.8818317933122964e9,1.8818317933124378e9
cNSE,1.6116331324349323e7,1.6116331324349323e7
cStart,1.0133594938308747e8,1.0133594938308747e8
cUnmetRsv,0.0,-
cNetworkExp,0.0,-
