Status,Solve,Objval
OPTIMAL,40.526999950408936,5.766547776891738e9
