Status,Solve,Objval
OPTIMAL,37.24300003051758,6.165916327437652e9
