Status,Solve,Objval
OPTIMAL,46.71199989318848,5.939544529685444e9
