Status,Solve,Objval
OPTIMAL,40.46600008010864,5.963470763957528e9
