Status,Solve,Objval
OPTIMAL,61.07699990272522,6.423196760452051e9
