Status,Solve,Objval
OPTIMAL,57.859999895095825,6.387401890212641e9
