Fusion_tech,Num_Units,Trit_Cap,Deu_Cap
8,42.10523599357641,0.6447664736926594,0.6670281302945991
