Status,Solve,Objval
OPTIMAL,27.108999967575073,1.1027735696984549e10
