Status,Solve,Objval
OPTIMAL,47.79899978637695,5.919458135757988e9
