Status,Solve,Objval
OPTIMAL,51.63000011444092,6.413614863308105e9
