Status,Solve,Objval
OPTIMAL,79.01900005340576,5.846129657347502e9
