Status,Solve,Objval
OPTIMAL,60.49799990653992,5.931059926326322e9
