Status,Solve,Objval
OPTIMAL,273.62800002098083,3.3950846083020267e10
