Status,Solve,Objval
OPTIMAL,42.89299988746643,5.647435642402331e9
