Status,Solve,Objval
OPTIMAL,46.282999992370605,3.3872448587112293e10
