Status,Solve,Objval
OPTIMAL,43.013999938964844,6.425030742808529e9
