Status,Solve,Objval
OPTIMAL,231.5719997882843,5.763093082481152e9
