Status,Solve,Objval
OPTIMAL,66.70800018310547,6.164486054075895e9
