Status,Solve,Objval
OPTIMAL,125.77999997138977,3.3984116416687145e10
