Status,Solve,Objval
OPTIMAL,110.83599996566772,6.210729356861199e9
