Status,Solve,Objval
OPTIMAL,61.91900014877319,6.426535635962753e9
