Costs,Total,Zone1
cTotal,5.882396837298047e9,5.882396837298004e9
cFix,4.045571204189293e9,4.045571204189293e9
cVar,1.7059710640849996e9,1.705971064085044e9
cNSE,2.4771313649207357e7,2.477131364920736e7
cStart,1.0608325537445998e8,1.0608325537445998e8
cUnmetRsv,0.0,-
cNetworkExp,0.0,-
