Status,Solve,Objval
OPTIMAL,90.1949999332428,5.882396837298047e9
