Status,Solve,Objval
OPTIMAL,46.63600015640259,6.417572988498186e9
