Status,Solve,Objval
OPTIMAL,174.4869999885559,5.951066313491594e9
