Status,Solve,Objval
OPTIMAL,40.69600009918213,6.153911964741566e9
