Status,Solve,Objval
OPTIMAL,107.37200021743774,6.210716895282773e9
