Status,Solve,Objval
OPTIMAL,50.29800009727478,3.616809009114084e10
