Status,Solve,Objval
OPTIMAL,57.84500002861023,6.4265353727425585e9
