Status,Solve,Objval
OPTIMAL,84.47000002861023,5.960034038349849e9
