Status,Solve,Objval
OPTIMAL,44.36800003051758,5.76500127912965e9
