Status,Solve,Objval
OPTIMAL,71.01500010490417,6.210729635178527e9
