Status,Solve,Objval
OPTIMAL,37.46426582336426,2.8850706286516567e10
