Status,Solve,Objval
OPTIMAL,48.24399995803833,6.41757297066237e9
