Status,Solve,Objval
OPTIMAL,43.64999985694885,6.423196754328982e9
