Status,Solve,Objval
OPTIMAL,43.52899980545044,5.647439405225904e9
