Status,Solve,Objval
OPTIMAL,15.552000045776367,8.456462570524051e9
