Status,Solve,Objval
OPTIMAL,63.425999879837036,5.734263946691638e9
