Status,Solve,Objval
OPTIMAL,59.431999921798706,6.413614854672772e9
