Status,Solve,Objval
OPTIMAL,46.480000019073486,5.846127361625498e9
