Status,Solve,Objval
OPTIMAL,65.99000000953674,6.3874018703057995e9
