Status,Solve,Objval
OPTIMAL,78.29500007629395,6.296311454980749e9
