Status,Solve,Objval
OPTIMAL,39.871999979019165,5.749351701388563e9
