Status,Solve,Objval
OPTIMAL,65.09599995613098,6.426535411551499e9
