Status,Solve,Objval
OPTIMAL,57.85700011253357,3.4000422338537296e10
