Status,Solve,Objval
OPTIMAL,48.835999965667725,5.946126256250264e9
