Costs,Total,Zone1
cTotal,5.772665353786593e9,5.772665353786699e9
cFix,3.758940666316545e9,3.758940666316545e9
cVar,1.8934683355394006e9,1.89346833553951e9
cNSE,1.8686000738127112e7,1.8686000738127112e7
cStart,1.0157035119251835e8,1.0157035119251835e8
cUnmetRsv,0.0,-
cNetworkExp,0.0,-
