Costs,Total,Zone1
cTotal,5.772665353786204e9,5.772665353786299e9
cFix,3.758940666316577e9,3.758940666316577e9
cVar,1.8934683355393496e9,1.8934683355394506e9
cNSE,1.8686000737743337e7,1.8686000737743337e7
cStart,1.0157035119252744e8,1.0157035119252744e8
cUnmetRsv,0.0,-
cNetworkExp,0.0,-
