Status,Solve,Objval
OPTIMAL,33.361730098724365,5.772665353786593e9
