Status,Solve,Objval
OPTIMAL,79.87700009346008,5.874170704203335e9
