Status,Solve,Objval
OPTIMAL,36.99900007247925,5.772665353786204e9
