Status,Solve,Objval
OPTIMAL,46.48799991607666,6.4208762149802265e9
