Fusion_tech,Num_Units,Trit_Cap,Deu_Cap
8,44.53313537188781,0.15076653546177007,0.1476071769497252
