Status,Solve,Objval
OPTIMAL,18.194000005722046,1.0129593348437569e10
