Costs,Total,Zone1
cTotal,5.903890664556136e9,5.9038906645562725e9
cFix,4.0164109846012354e9,4.0164109846012354e9
cVar,1.7556311220640793e9,1.7556311220641317e9
cNSE,2.1972800179626144e7,2.197280017962615e7
cStart,1.0987575771127884e8,1.0987575771127884e8
cUnmetRsv,0.0,-
cNetworkExp,0.0,-
