Status,Solve,Objval
OPTIMAL,47.16300010681152,5.903890664556136e9
