Status,Solve,Objval
OPTIMAL,44.324000120162964,3.6197889668451454e10
