Status,Solve,Objval
OPTIMAL,44.581000089645386,3.398993199875927e10
