Status,Solve,Objval
OPTIMAL,35.831000089645386,3.6206998384151276e10
