Status,Solve,Objval
OPTIMAL,59.31399989128113,6.3996259202922945e9
