Status,Solve,Objval
OPTIMAL,47.39400005340576,6.423196745838369e9
