Status,Solve,Objval
OPTIMAL,76.2649998664856,6.296315167046775e9
