Status,Solve,Objval
OPTIMAL,54.63499999046326,5.5562255260820875e9
