Status,Solve,Objval
OPTIMAL,82.47800016403198,3.600185168152617e10
