Status,Solve,Objval
OPTIMAL,50.236000061035156,6.426535386482639e9
