Status,Solve,Objval
OPTIMAL,59.812000036239624,6.4250305007917385e9
