Status,Solve,Objval
OPTIMAL,39.13600015640259,6.166936394549371e9
