Status,Solve,Objval
OPTIMAL,85.68899989128113,3.619788984729034e10
