Status,Solve,Objval
OPTIMAL,42.27300000190735,5.954818964980924e9
