Status,Solve,Objval
OPTIMAL,43.91900014877319,6.425030494745099e9
