Status,Solve,Objval
OPTIMAL,47.01700019836426,5.931059944900845e9
