Status,Solve,Objval
OPTIMAL,50.8989999294281,5.938133986608931e9
