Status,Solve,Objval
OPTIMAL,50.78500008583069,3.618548253666103e10
