Status,Solve,Objval
OPTIMAL,54.8199999332428,6.413614780316145e9
