Status,Solve,Objval
OPTIMAL,91.15999984741211,6.296311386390636e9
