Status,Solve,Objval
OPTIMAL,47.84499979019165,5.931059634646909e9
