Status,Solve,Objval
OPTIMAL,50.66699981689453,5.706491339228406e9
