Status,Solve,Objval
OPTIMAL,110.16000008583069,6.296315110783011e9
