Status,Solve,Objval
OPTIMAL,36.80551481246948,3.623292084746993e10
