Status,Solve,Objval
OPTIMAL,108.54910016059875,6.953172525546939e9
