Status,Solve,Objval
OPTIMAL,58.41199994087219,5.754321949957636e9
