Status,Solve,Objval
OPTIMAL,35.466888189315796,3.3070283297275772e10
