Status,Solve,Objval
OPTIMAL,42.19059109687805,6.953172525546923e9
