Costs,Total,Zone1
cTotal,5.706492256554106e9,5.706492256554366e9
cFix,3.8183239480236535e9,3.8183239480236535e9
cVar,1.7678356177897093e9,1.7678356177898798e9
cNSE,2.1816041969229158e7,2.1816041969229165e7
cStart,9.851664877160315e7,9.851664877160315e7
cUnmetRsv,0.0,-
cNetworkExp,0.0,-
