Status,Solve,Objval
OPTIMAL,51.35599994659424,5.706492256554106e9
