Status,Solve,Objval
OPTIMAL,42.194000005722046,6.131541792302811e9
