Costs,Total,Zone1
cTotal,5.903893550885305e9,5.903893550885461e9
cFix,4.0164138709305444e9,4.0164138709305444e9
cVar,1.755631122064057e9,1.7556311220641272e9
cNSE,2.197280017950627e7,2.1972800179506272e7
cStart,1.0987575771128246e8,1.0987575771128246e8
cUnmetRsv,0.0,-
cNetworkExp,0.0,-
