Status,Solve,Objval
OPTIMAL,50.371999979019165,5.903893550885305e9
