Status,Solve,Objval
OPTIMAL,69.0770001411438,6.407985744470192e9
