Status,Solve,Objval
OPTIMAL,51.419999837875366,5.684869483971142e9
