Fusion_tech,Num_Units,Trit_Cap,Deu_Cap
8,37.95764861481324,0.017596230840313122,0.015753165018178236
