Status,Solve,Objval
OPTIMAL,39.39100003242493,8.402797364225826e9
