Status,Solve,Objval
OPTIMAL,41.914000034332275,6.427562841514304e9
