Status,Solve,Objval
OPTIMAL,52.20700001716614,6.387402449693303e9
