Status,Solve,Objval
OPTIMAL,43.27000021934509,5.757918255988437e9
