Status,Solve,Objval
OPTIMAL,44.09500002861023,6.141466784285823e9
