Status,Solve,Objval
OPTIMAL,56.795000076293945,6.425030480109775e9
