Status,Solve,Objval
OPTIMAL,75.35599994659424,3.618548184217489e10
