Status,Solve,Objval
OPTIMAL,122.72200012207031,5.93105961607206e9
