Costs,Total,Zone1
cTotal,5.90389284872212e9,5.903892848722255e9
cFix,4.016413168767896e9,4.016413168767896e9
cVar,1.7556311220640936e9,1.7556311220641434e9
cNSE,2.1972800178917103e7,2.197280017891711e7
cStart,1.0987575771129893e8,1.0987575771129893e8
cUnmetRsv,0.0,-
cNetworkExp,0.0,-
