Status,Solve,Objval
OPTIMAL,49.91300010681152,5.90389284872212e9
