Status,Solve,Objval
OPTIMAL,46.74000000953674,5.939544776356532e9
