Status,Solve,Objval
OPTIMAL,76.58200001716614,6.210735984339443e9
