{
    "EndCap": {
        "OffShoreWind_Class3_Moderate_fixed_1": {
            "0.01": 0,
            "0.10": 0,
            "0.05": 0,
            "0.20": 0,
            "baseline": 0
        },
        "Liion_Moderate": {
            "0.01": 9741.7454252405,
            "0.10": 9930.37122700555,
            "0.05": 9828.036879002004,
            "0.20": 9702.958121418385,
            "baseline": 4799.085959372167
        },
        "NENGREST_biomass_1": {
            "0.01": 4912.080262946626,
            "0.10": 0,
            "0.05": 3591.7569592464806,
            "0.20": 0,
            "baseline": 0
        },
        "Total": {
            "0.01": 37455.09614026747,
            "0.10": 40835.899345991565,
            "0.05": 38720.757898862576,
            "0.20": 40230.32810090913,
            "baseline": 29377.003679806294
        },
        "NENGREST_conventional_hydroelectric_1": {
            "0.01": 0,
            "0.10": 0,
            "0.05": 0,
            "0.20": 0,
            "baseline": 0
        },
        "NENGREST_hydroelectric_pumped_storage_1": {
            "0.01": 0,
            "0.10": 0,
            "0.05": 0,
            "0.20": 0,
            "baseline": 0
        },
        "NaturalGas_CCAvgCF_Moderate": {
            "0.01": 198.8200830376931,
            "0.10": 999.4864341520577,
            "0.05": 672.6625808802942,
            "0.20": 2669.190987709733,
            "baseline": 10071.676062905712
        },
        "NaturalGas_CTAvgCF_Moderate": {
            "0.01": 757.6339759841444,
            "0.10": 1366.2329504575155,
            "0.05": 1074.9882133000028,
            "0.20": 1624.4567104152525,
            "baseline": 2497.980555099088
        },
        "LandbasedWind_Class3_Moderate_130": {
            "0.01": 919.8926827349829,
            "0.10": 728.9951223230686,
            "0.05": 790.2354476227669,
            "0.20": 595.2420918399777,
            "baseline": 0
        },
        "TEGS": {
            "0.01": 0,
            "0.10": 0,
            "0.05": 0,
            "0.20": 0,
            "baseline": 0
        },
        "UtilityPV_Class1_Moderate_100_0.2": {
            "0.01": 16272.012343162689,
            "0.10": 19801.953932322835,
            "0.05": 17585.038429500797,
            "0.20": 19441.020647809586,
            "baseline": 12008.261102429324
        },
        "NENGREST_nuclear_1": {
            "0.01": 0,
            "0.10": 0,
            "0.05": 0,
            "0.20": 0,
            "baseline": 0
        },
        "NaturalGas_CCS100_Moderate": {
            "0.01": 2601.695063697857,
            "0.10": 0,
            "0.05": 0,
            "0.20": 0,
            "baseline": 0
        },
        "NaturalGas_CCCCSAvgCF_Moderate": {
            "0.01": 2051.2163034629766,
            "0.10": 8008.859679730543,
            "0.05": 5178.039389310225,
            "0.20": 6197.459541716196,
            "baseline": 0
        }
    },
    "EndChargeCap": {
        "OffShoreWind_Class3_Moderate_fixed_1": {
            "0.01": 0,
            "0.10": 0,
            "0.05": 0,
            "0.20": 0,
            "baseline": 0
        },
        "Liion_Moderate": {
            "0.01": 0,
            "0.10": 0,
            "0.05": 0,
            "0.20": 0,
            "baseline": 0
        },
        "NENGREST_biomass_1": {
            "0.01": 0,
            "0.10": 0,
            "0.05": 0,
            "0.20": 0,
            "baseline": 0
        },
        "Total": {
            "0.01": 0,
            "0.10": 0,
            "0.05": 0,
            "0.20": 0,
            "baseline": 0
        },
        "NENGREST_conventional_hydroelectric_1": {
            "0.01": 0,
            "0.10": 0,
            "0.05": 0,
            "0.20": 0,
            "baseline": 0
        },
        "NENGREST_hydroelectric_pumped_storage_1": {
            "0.01": 0,
            "0.10": 0,
            "0.05": 0,
            "0.20": 0,
            "baseline": 0
        },
        "NaturalGas_CCAvgCF_Moderate": {
            "0.01": 0,
            "0.10": 0,
            "0.05": 0,
            "0.20": 0,
            "baseline": 0
        },
        "NaturalGas_CTAvgCF_Moderate": {
            "0.01": 0,
            "0.10": 0,
            "0.05": 0,
            "0.20": 0,
            "baseline": 0
        },
        "LandbasedWind_Class3_Moderate_130": {
            "0.01": 0,
            "0.10": 0,
            "0.05": 0,
            "0.20": 0,
            "baseline": 0
        },
        "TEGS": {
            "0.01": 0,
            "0.10": 0,
            "0.05": 0,
            "0.20": 0,
            "baseline": 0
        },
        "UtilityPV_Class1_Moderate_100_0.2": {
            "0.01": 0,
            "0.10": 0,
            "0.05": 0,
            "0.20": 0,
            "baseline": 0
        },
        "NENGREST_nuclear_1": {
            "0.01": 0,
            "0.10": 0,
            "0.05": 0,
            "0.20": 0,
            "baseline": 0
        },
        "NaturalGas_CCS100_Moderate": {
            "0.01": 0,
            "0.10": 0,
            "0.05": 0,
            "0.20": 0,
            "baseline": 0
        },
        "NaturalGas_CCCCSAvgCF_Moderate": {
            "0.01": 0,
            "0.10": 0,
            "0.05": 0,
            "0.20": 0,
            "baseline": 0
        }
    },
    "EndEnergyCap": {
        "OffShoreWind_Class3_Moderate_fixed_1": {
            "0.01": 0,
            "0.10": 0,
            "0.05": 0,
            "0.20": 0,
            "baseline": 0
        },
        "Liion_Moderate": {
            "0.01": 38966.981700962,
            "0.10": 39721.4849080222,
            "0.05": 39312.147516008015,
            "0.20": 38811.83248567354,
            "baseline": 19196.34383748867
        },
        "NENGREST_biomass_1": {
            "0.01": 0,
            "0.10": 0,
            "0.05": 0,
            "0.20": 0,
            "baseline": 0
        },
        "Total": {
            "0.01": 38966.981700962,
            "0.10": 39721.4849080222,
            "0.05": 39312.147516008015,
            "0.20": 38811.83248567354,
            "baseline": 19196.34383748867
        },
        "NENGREST_conventional_hydroelectric_1": {
            "0.01": 0,
            "0.10": 0,
            "0.05": 0,
            "0.20": 0,
            "baseline": 0
        },
        "NENGREST_hydroelectric_pumped_storage_1": {
            "0.01": 0,
            "0.10": 0,
            "0.05": 0,
            "0.20": 0,
            "baseline": 0
        },
        "NaturalGas_CCAvgCF_Moderate": {
            "0.01": 0,
            "0.10": 0,
            "0.05": 0,
            "0.20": 0,
            "baseline": 0
        },
        "NaturalGas_CTAvgCF_Moderate": {
            "0.01": 0,
            "0.10": 0,
            "0.05": 0,
            "0.20": 0,
            "baseline": 0
        },
        "LandbasedWind_Class3_Moderate_130": {
            "0.01": 0,
            "0.10": 0,
            "0.05": 0,
            "0.20": 0,
            "baseline": 0
        },
        "TEGS": {
            "0.01": 0,
            "0.10": 0,
            "0.05": 0,
            "0.20": 0,
            "baseline": 0
        },
        "UtilityPV_Class1_Moderate_100_0.2": {
            "0.01": 0,
            "0.10": 0,
            "0.05": 0,
            "0.20": 0,
            "baseline": 0
        },
        "NENGREST_nuclear_1": {
            "0.01": 0,
            "0.10": 0,
            "0.05": 0,
            "0.20": 0,
            "baseline": 0
        },
        "NaturalGas_CCS100_Moderate": {
            "0.01": 0,
            "0.10": 0,
            "0.05": 0,
            "0.20": 0,
            "baseline": 0
        },
        "NaturalGas_CCCCSAvgCF_Moderate": {
            "0.01": 0,
            "0.10": 0,
            "0.05": 0,
            "0.20": 0,
            "baseline": 0
        }
    }
}