Status,Solve,Objval
OPTIMAL,38.48699998855591,5.963470794925313e9
