Status,Solve,Objval
OPTIMAL,39.51900005340576,5.961883948084561e9
