Status,Solve,Objval
OPTIMAL,50.0789999961853,3.6218894431256615e10
