Status,Solve,Objval
OPTIMAL,58.9520001411438,3.3975777547289085e10
