Status,Solve,Objval
OPTIMAL,103.98300004005432,5.946126530180234e9
