Status,Solve,Objval
OPTIMAL,39.20300006866455,5.964861822117271e9
