Status,Solve,Objval
OPTIMAL,41.38300013542175,3.611289101666062e10
