Status,Solve,Objval
OPTIMAL,36.52900004386902,6.17058678662456e9
