Status,Solve,Objval
OPTIMAL,48.199000120162964,3.6223384063981285e10
