region,Resource,zone,Cluster,R_ID,Inv_cost_MW,Inv_cost_MWh,Fixed_OM_cost_MW,Fixed_OM_cost_MWh,Var_OM_cost_out,Fuel_cost,Var_OM_cost_in,StartCost,Charge_cost,EnergyRevenue,SubsidyRevenue,ReserveMarginRevenue,ESRRevenue,EmissionsCost,RegSubsidyRevenue,Revenue,Cost,Profit
NE,natural_gas_ccs,1,1,1,1.073859182584228e9,0.0,4.358692752018356e8,0.0,1.5772882132212332e7,9.324570397902265e7,0.0,8.963833090723975e6,0.0,3.2413868908528223e9,0.0,0.0,0.0,1.613676014196409e9,0.0,3.2413868908528223e9,3.241386891184432e9,-0.33160972595214844
NE,solar_pv,1,1,2,1.8130115107077768e9,0.0,4.8910804338439405e8,0.0,0.0,0.0,0.0,0.0,0.0,2.3021195540642657e9,0.0,0.0,0.0,0.0,0.0,2.3021195540642657e9,2.3021195540921707e9,-0.027904987335205078
NE,onshore_wind,1,1,3,3.7681325448571715e9,0.0,1.8786433787436466e9,0.0,0.0,0.0,0.0,0.0,0.0,5.646775923556459e9,0.0,0.0,0.0,0.0,0.0,5.646775923556459e9,5.646775923600819e9,-0.04435920715332031
NE,battery,1,0,4,2.0794600605630052e8,1.2330466689481297e9,3.525161552658754e7,5.875269254152161e8,0.0,0.0,0.0,0.0,5.1791067070744026e8,2.5816818865116844e9,0.0,0.0,0.0,0.0,0.0,2.5816818865116844e9,2.581681886653674e9,-0.14198970794677734
NE,offshore_wind,1,1,5,2.457919712316608,0.0,0.7813787544879243,0.0,0.0,0.0,0.0,0.0,0.0,3.067055378192272,0.0,0.0,0.0,0.0,0.0,3.067055378192272,3.239298466804532,-0.17224308861226012
NE,natural_gas,1,1,6,0.24764222673865002,0.0,0.07886346905275328,0.0,0.00010890995980767215,0.00138533468875359,0.0,0.0016619942788421978,0.0,0.021653698040744674,0.0,0.0,0.0,0.3008642797779783,0.0,0.021653698040744674,0.630526214496785,-0.6088725164560403
NE,nuclear,1,1,7,0.0,0.0,0.0,0.0,0.0,0.0,0.0,0.0,0.0,0.0,0.0,0.0,0.0,0.0,0.0,0.0,0.0,0.0
NE,fusion,1,1,8,5.137442411334486e8,0.0,7.706163617001729e7,0.0,2.3288369202371007e6,0.0,0.0,0.0,0.0,9.213046184845929e8,0.0,0.0,0.0,0.0,0.0,9.213046184845929e8,5.931347142237029e8,3.2816990426089e8
