Status,Solve,Objval
OPTIMAL,14.643999814987183,1.223356363394802e10
