Status,Solve,Objval
OPTIMAL,37.71799993515015,5.765001238353416e9
