Status,Solve,Objval
OPTIMAL,69.45099997520447,6.340213958666169e9
