Status,Solve,Objval
OPTIMAL,49.29200005531311,6.099043066274313e9
