Status,Solve,Objval
OPTIMAL,58.17899990081787,6.420876199786777e9
