Status,Solve,Objval
OPTIMAL,48.79299998283386,6.428344977448873e9
