Status,Solve,Objval
OPTIMAL,40.49399995803833,5.954818865370344e9
