Status,Solve,Objval
OPTIMAL,55.57099986076355,5.734263676095227e9
