Status,Solve,Objval
OPTIMAL,217.9100000858307,3.619789008558912e10
