Costs,Total,Zone1
cTotal,3.621352882611836e10,3.621352882611932e10
cFix,3.1535563869698208e10,3.1535563869698208e10
cVar,4.355561392550157e9,4.355561392550623e9
cNSE,1.7218730205406567e8,1.721873020540657e8
cStart,1.5021626181642762e8,1.5021626181642762e8
cUnmetRsv,0.0,-
cNetworkExp,0.0,-
