Status,Solve,Objval
OPTIMAL,35.98800015449524,6.166936409880446e9
