Status,Solve,Objval
OPTIMAL,44.86899995803833,6.417573069322542e9
