Costs,Total,Zone1
cTotal,5.706494079355499e9,5.706494079355771e9
cFix,3.8183257708164234e9,3.8183257708164234e9
cVar,1.7678356177894146e9,1.767835617789596e9
cNSE,2.1816041978365827e7,2.1816041978365835e7
cStart,9.851664877138595e7,9.851664877138595e7
cUnmetRsv,0.0,-
cNetworkExp,0.0,-
