Status,Solve,Objval
OPTIMAL,52.22200012207031,5.706494079355499e9
