Status,Solve,Objval
OPTIMAL,88.69400000572205,3.622585696632427e10
