Status,Solve,Objval
OPTIMAL,64.44500017166138,6.423196730998579e9
