Costs,Total,Zone1
cTotal,5.882397865804192e9,5.882397865804149e9
cFix,4.04557223269503e9,4.04557223269503e9
cVar,1.7059710640849822e9,1.7059710640850277e9
cNSE,2.4771313649639245e7,2.477131364963925e7
cStart,1.0608325537445197e8,1.0608325537445197e8
cUnmetRsv,0.0,-
cNetworkExp,0.0,-
