Status,Solve,Objval
OPTIMAL,72.58800005912781,5.882397865804192e9
