Status,Solve,Objval
OPTIMAL,47.64099979400635,5.964861522470471e9
