Costs,Total,Zone1
cTotal,6.160269965789067e9,6.160269965789095e9
cFix,4.939314608427727e9,4.939314608427727e9
cVar,1.1193376662429974e9,1.119337666243015e9
cNSE,3.2264150420552086e7,3.226415042055209e7
cStart,6.935354069780067e7,6.935354069780067e7
cUnmetRsv,0.0,-
cNetworkExp,0.0,-
