Status,Solve,Objval
OPTIMAL,83.16300010681152,6.160269965789067e9
