Status,Solve,Objval
OPTIMAL,40.105000019073486,3.620699757703539e10
