Costs,Total,Zone1
cTotal,5.766548005092974e9,5.766548005093093e9
cFix,3.7672639310622306e9,3.7672639310622306e9
cVar,1.8818317933119128e9,1.8818317933120482e9
cNSE,1.6116331335999863e7,1.6116331335999863e7
cStart,1.0133594938281469e8,1.0133594938281469e8
cUnmetRsv,0.0,-
cNetworkExp,0.0,-
