Status,Solve,Objval
OPTIMAL,40.22000002861023,5.766548005092974e9
