Status,Solve,Objval
OPTIMAL,48.462000131607056,5.964861520447516e9
