Status,Solve,Objval
OPTIMAL,94.39500021934509,6.296317043533986e9
