Status,Solve,Objval
OPTIMAL,42.04900002479553,6.148774035124828e9
