Costs,Total,Zone1
cTotal,6.162526631999631e9,6.162526631999606e9
cFix,4.938843605959234e9,4.938843605959234e9
cVar,1.1213456309815156e9,1.1213456309814954e9
cNSE,3.2988244045242656e7,3.2988244045242663e7
cStart,6.934915101363488e7,6.934915101363488e7
cUnmetRsv,0.0,-
cNetworkExp,0.0,-
