Status,Solve,Objval
OPTIMAL,40.30999994277954,6.162526631999631e9
