Status,Solve,Objval
OPTIMAL,45.401999950408936,3.611289467227474e10
