Status,Solve,Objval
OPTIMAL,53.73399996757507,5.946126512289058e9
