Status,Solve,Objval
OPTIMAL,59.89299988746643,6.368732838357356e9
