Status,Solve,Objval
OPTIMAL,73.1489999294281,6.420876234659558e9
