Status,Solve,Objval
OPTIMAL,56.39100003242493,5.763092977463508e9
