Status,Solve,Objval
OPTIMAL,39.081000089645386,3.621889367660808e10
