Status,Solve,Objval
OPTIMAL,5.723999977111816,7.731011975314357e9
