Status,Solve,Objval
OPTIMAL,48.9539999961853,5.760276417489435e9
