Status,Solve,Objval
OPTIMAL,41.89299988746643,6.165916340633269e9
