Status,Solve,Objval
OPTIMAL,105.59599995613098,6.29630804872678e9
