Status,Solve,Objval
OPTIMAL,65.96600008010864,6.413614677860189e9
