Status,Solve,Objval
OPTIMAL,53.96199989318848,3.614487911898172e10
