Status,Solve,Objval
OPTIMAL,37.71799993515015,5.765001229372852e9
