Resource,Zone,StartCap,RetCap,NewCap,EndCap,StartEnergyCap,RetEnergyCap,NewEnergyCap,EndEnergyCap,StartChargeCap,RetChargeCap,NewChargeCap,EndChargeCap
natural_gas_ccs,1,0,0.0,9711.962452925698,9711.962452925698,0.0,0.0,0.0,0.0,0.0,0.0,0.0,0.0
solar_pv,1,0,0.0,16207.031260815,16207.031260815,0.0,0.0,0.0,0.0,0.0,0.0,0.0,0.0
onshore_wind,1,0,0.0,26911.548951458364,26911.548951458364,0.0,0.0,0.0,0.0,0.0,0.0,0.0,0.0
battery,1,0,0.0,5343.378225942428,5343.378225942428,0.0,0.0,22443.57022310386,22443.57022310386,0.0,0.0,0.0,0.0
offshore_wind,1,0,0.0,3.6609226022774605e-12,3.6609226022774605e-12,0.0,0.0,0.0,0.0,0.0,0.0,0.0,0.0
natural_gas,1,0,0.0,3103.7197218424317,3103.7197218424317,0.0,0.0,0.0,0.0,0.0,0.0,0.0,0.0
nuclear,1,0,0.0,0.0,0.0,0.0,0.0,0.0,0.0,0.0,0.0,0.0,0.0
Total,n/a,0,0.0,61277.64061298392,61277.64061298392,0.0,0.0,22443.57022310386,22443.57022310386,0.0,0.0,0.0,0.0
