Status,Solve,Objval
OPTIMAL,5.300000190734863,8.079431002231242e9
