Status,Solve,Objval
OPTIMAL,49.168999910354614,6.399626281715291e9
