Status,Solve,Objval
OPTIMAL,45.020999908447266,6.0291815445841465e9
