Status,Solve,Objval
OPTIMAL,52.26600003242493,6.099041823378573e9
