Status,Solve,Objval
OPTIMAL,76.63300013542175,6.164486243559629e9
