Status,Solve,Objval
OPTIMAL,50.80499982833862,3.621352951688799e10
