Status,Solve,Objval
OPTIMAL,44.986000061035156,3.622585693585671e10
