Status,Solve,Objval
OPTIMAL,37.741000175476074,6.166936646492183e9
