Status,Solve,Objval
OPTIMAL,48.5939998626709,6.426535649702846e9
