Status,Solve,Objval
OPTIMAL,44.53999996185303,6.417572923957987e9
