Resource,Zone,AnnualSum,Capacity,CapacityFactor
natural_gas_ccs,1,2.628813688291099e6,6505.511573624648,0.04612902204461376
solar_pv,1,2.7043034956919186e7,37623.69556831533,0.08205213231994914
onshore_wind,1,9.591086609226952e7,56928.5873439195,0.19232391873388488
battery,1,2.4639645684987724e7,11750.53847361189,0.0
offshore_wind,1,0.018777900490239533,8.268293025070767e-6,0.0
natural_gas,1,9.225806938317389e-5,2.0210633918690976e-6,0.0
nuclear,1,0.0,0.0,0.0
fusion,1,1.1644184821952502e6,1427.7088941788559,0.09310335237864821
