Fusion_tech,Num_Units,Trit_Cap,Deu_Cap
8,4.994433968302161,1.5347500694714447,1.1686987936911586
