Status,Solve,Objval
OPTIMAL,16.95799994468689,1.2233563634174519e10
