Status,Solve,Objval
OPTIMAL,78.4909999370575,6.296308150191901e9
