Status,Solve,Objval
OPTIMAL,42.66600012779236,5.64744582591968e9
