Status,Solve,Objval
OPTIMAL,57.02400016784668,5.742666885489531e9
