Costs,Total,Zone1
cTotal,6.427562849252195e9,6.427562849252263e9
cFix,5.418023342831982e9,5.418023342831982e9
cVar,9.15382803803371e8,9.15382803803472e8
cNSE,5.117328205818316e7,5.1173282058183156e7
cStart,4.298342055862715e7,4.298342055862715e7
cUnmetRsv,0.0,-
cNetworkExp,0.0,-
