Status,Solve,Objval
OPTIMAL,41.38499999046326,6.427562849252195e9
