Status,Solve,Objval
OPTIMAL,70.98000001907349,6.430831830966151e9
