Status,Solve,Objval
OPTIMAL,48.230000019073486,5.919456808671629e9
