Status,Solve,Objval
OPTIMAL,50.41600012779236,5.742666532557115e9
