Status,Solve,Objval
OPTIMAL,119.44299983978271,3.590971900493682e10
