Status,Solve,Objval
OPTIMAL,65.62100005149841,6.3874015819931e9
