Status,Solve,Objval
OPTIMAL,53.33299994468689,3.590970794384422e10
