{
    "EndCap": {
        "Liion_Moderate": {
            "0.01": 32930.0322305693,
            "0.10": 27769.386384605245,
            "0.05": 29119.992095876394,
            "0.20": 26497.657625508808,
            "baseline": 20753.170798723026
        },
        "Total": {
            "0.01": 195072.53032384225,
            "0.10": 213032.6068829216,
            "0.05": 203209.33976814788,
            "0.20": 208833.3257147666,
            "baseline": 164254.7185435289
        },
        "ERC_REST_biomass_1": {
            "0.01": 32448.83460972463,
            "0.10": 3262.705766119244,
            "0.05": 19974.28997391992,
            "0.20": 0,
            "baseline": 0
        },
        "ERC_nuclear_1": {
            "0.01": 0,
            "0.10": 0,
            "0.05": 0,
            "0.20": 0,
            "baseline": 0
        },
        "NaturalGas_CCAvgCF_Moderate": {
            "0.01": 0,
            "0.10": 1953.5574851898423,
            "0.05": 0,
            "0.20": 10773.508239085904,
            "baseline": 50180.278707538935
        },
        "TEGS": {
            "0.01": 0,
            "0.10": 0,
            "0.05": 0,
            "0.20": 0,
            "baseline": 1880.0204594202291
        },
        "NaturalGas_CTAvgCF_Moderate": {
            "0.01": 3707.625467160351,
            "0.10": 13118.817178307432,
            "0.05": 9359.058077710384,
            "0.20": 14308.668595283138,
            "baseline": 18361.589702361263
        },
        "LandbasedWind_Class3_Moderate_130": {
            "0.01": 15291.84978521901,
            "0.10": 36038.691031776696,
            "0.05": 27542.417653819422,
            "0.20": 34150.70109951952,
            "baseline": 1991.804030163612
        },
        "UtilityPV_Class1_Moderate_100_0.2": {
            "0.01": 87009.25899787915,
            "0.10": 91587.33222293906,
            "0.05": 87685.06453148024,
            "0.20": 89948.84786948307,
            "baseline": 71087.85484532182
        },
        "ERC_REST_conventional_hydroelectric_1": {
            "0.01": 0,
            "0.10": 0,
            "0.05": 0,
            "0.20": 0,
            "baseline": 0
        },
        "NaturalGas_CCS100_Moderate": {
            "0.01": 9698.564985150766,
            "0.10": 0,
            "0.05": 0,
            "0.20": 0,
            "baseline": 0
        },
        "NaturalGas_CCCCSAvgCF_Moderate": {
            "0.01": 13986.36424813905,
            "0.10": 39302.116813984074,
            "0.05": 29528.51743534154,
            "0.20": 33153.94228588615,
            "baseline": 0
        }
    },
    "EndChargeCap": {
        "Liion_Moderate": {
            "0.01": 0,
            "0.10": 0,
            "0.05": 0,
            "0.20": 0,
            "baseline": 0
        },
        "Total": {
            "0.01": 0,
            "0.10": 0,
            "0.05": 0,
            "0.20": 0,
            "baseline": 0
        },
        "ERC_REST_biomass_1": {
            "0.01": 0,
            "0.10": 0,
            "0.05": 0,
            "0.20": 0,
            "baseline": 0
        },
        "ERC_nuclear_1": {
            "0.01": 0,
            "0.10": 0,
            "0.05": 0,
            "0.20": 0,
            "baseline": 0
        },
        "NaturalGas_CCAvgCF_Moderate": {
            "0.01": 0,
            "0.10": 0,
            "0.05": 0,
            "0.20": 0,
            "baseline": 0
        },
        "TEGS": {
            "0.01": 0,
            "0.10": 0,
            "0.05": 0,
            "0.20": 0,
            "baseline": 0
        },
        "NaturalGas_CTAvgCF_Moderate": {
            "0.01": 0,
            "0.10": 0,
            "0.05": 0,
            "0.20": 0,
            "baseline": 0
        },
        "LandbasedWind_Class3_Moderate_130": {
            "0.01": 0,
            "0.10": 0,
            "0.05": 0,
            "0.20": 0,
            "baseline": 0
        },
        "UtilityPV_Class1_Moderate_100_0.2": {
            "0.01": 0,
            "0.10": 0,
            "0.05": 0,
            "0.20": 0,
            "baseline": 0
        },
        "ERC_REST_conventional_hydroelectric_1": {
            "0.01": 0,
            "0.10": 0,
            "0.05": 0,
            "0.20": 0,
            "baseline": 0
        },
        "NaturalGas_CCS100_Moderate": {
            "0.01": 0,
            "0.10": 0,
            "0.05": 0,
            "0.20": 0,
            "baseline": 0
        },
        "NaturalGas_CCCCSAvgCF_Moderate": {
            "0.01": 0,
            "0.10": 0,
            "0.05": 0,
            "0.20": 0,
            "baseline": 0
        }
    },
    "EndEnergyCap": {
        "Liion_Moderate": {
            "0.01": 131720.1289222772,
            "0.10": 111077.54553842098,
            "0.05": 116479.96838350558,
            "0.20": 105990.63050203523,
            "baseline": 83012.6831948921
        },
        "Total": {
            "0.01": 131720.1289222772,
            "0.10": 111077.54553842098,
            "0.05": 116479.96838350558,
            "0.20": 105990.63050203523,
            "baseline": 90532.76503257302
        },
        "ERC_REST_biomass_1": {
            "0.01": 0,
            "0.10": 0,
            "0.05": 0,
            "0.20": 0,
            "baseline": 0
        },
        "ERC_nuclear_1": {
            "0.01": 0,
            "0.10": 0,
            "0.05": 0,
            "0.20": 0,
            "baseline": 0
        },
        "NaturalGas_CCAvgCF_Moderate": {
            "0.01": 0,
            "0.10": 0,
            "0.05": 0,
            "0.20": 0,
            "baseline": 0
        },
        "TEGS": {
            "0.01": 0,
            "0.10": 0,
            "0.05": 0,
            "0.20": 0,
            "baseline": 7520.081837680917
        },
        "NaturalGas_CTAvgCF_Moderate": {
            "0.01": 0,
            "0.10": 0,
            "0.05": 0,
            "0.20": 0,
            "baseline": 0
        },
        "LandbasedWind_Class3_Moderate_130": {
            "0.01": 0,
            "0.10": 0,
            "0.05": 0,
            "0.20": 0,
            "baseline": 0
        },
        "UtilityPV_Class1_Moderate_100_0.2": {
            "0.01": 0,
            "0.10": 0,
            "0.05": 0,
            "0.20": 0,
            "baseline": 0
        },
        "ERC_REST_conventional_hydroelectric_1": {
            "0.01": 0,
            "0.10": 0,
            "0.05": 0,
            "0.20": 0,
            "baseline": 0
        },
        "NaturalGas_CCS100_Moderate": {
            "0.01": 0,
            "0.10": 0,
            "0.05": 0,
            "0.20": 0,
            "baseline": 0
        },
        "NaturalGas_CCCCSAvgCF_Moderate": {
            "0.01": 0,
            "0.10": 0,
            "0.05": 0,
            "0.20": 0,
            "baseline": 0
        }
    }
}