Status,Solve,Objval
OPTIMAL,44.68499994277954,5.960034153186579e9
