Costs,Total,Zone1
cTotal,5.903892878719103e9,5.903892878719241e9
cFix,4.0164131987640724e9,4.0164131987640724e9
cVar,1.7556311220640657e9,1.7556311220641158e9
cNSE,2.197280017977672e7,2.1972800179776724e7
cStart,1.0987575771127509e8,1.0987575771127509e8
cUnmetRsv,0.0,-
cNetworkExp,0.0,-
