Status,Solve,Objval
OPTIMAL,46.954999923706055,5.903892878719103e9
