Status,Solve,Objval
OPTIMAL,39.55200004577637,6.070735208577917e9
