Resource,Zone,StartCap,RetCap,NewCap,EndCap,StartEnergyCap,RetEnergyCap,NewEnergyCap,EndEnergyCap,StartChargeCap,RetChargeCap,NewChargeCap,EndChargeCap
natural_gas_ccs,1,0,0.0,6505.51157017665,6505.51157017665,0.0,0.0,0.0,0.0,0.0,0.0,0.0,0.0
solar_pv,1,0,0.0,37623.69564495339,37623.69564495339,0.0,0.0,0.0,0.0,0.0,0.0,0.0,0.0
onshore_wind,1,0,0.0,56928.587234655955,56928.587234655955,0.0,0.0,0.0,0.0,0.0,0.0,0.0,0.0
battery,1,0,0.0,11750.538508862512,11750.538508862512,0.0,0.0,117505.38508304322,117505.38508304322,0.0,0.0,0.0,0.0
offshore_wind,1,0,0.0,1.1162553635541775e-5,1.1162553635541775e-5,0.0,0.0,0.0,0.0,0.0,0.0,0.0,0.0
natural_gas,1,0,0.0,2.81655246616976e-6,2.81655246616976e-6,0.0,0.0,0.0,0.0,0.0,0.0,0.0,0.0
nuclear,1,0,0.0,0.0,0.0,0.0,0.0,0.0,0.0,0.0,0.0,0.0,0.0
fusion,1,0,0.0,1427.7088933364546,1427.7088933364546,0.0,0.0,0.0,0.0,0.0,0.0,0.0,0.0
Total,n/a,0,0.0,114236.04186596407,114236.04186596407,0.0,0.0,117505.38508304322,117505.38508304322,0.0,0.0,0.0,0.0
