Costs,Total,Zone1
cTotal,1.223356363394802e10,1.2348929385806253e10
cFix,1.2113239206624348e10,1.2113239206624348e10
cVar,1.1136059414292951e8,2.2672634600131944e8
cNSE,0.08820039751612449,0.0882003975161246
cStart,8.963833092385918e6,8.963833092385918e6
cUnmetRsv,0.0,-
cNetworkExp,0.0,-
