Fusion_tech,Num_Units,Trit_Cap,Deu_Cap
8,4.99443396535526,1.5740444946837033,1.5306983831708096
