Status,Solve,Objval
OPTIMAL,14.717000007629395,1.223356363394802e10
