Costs,Total,Zone1
cTotal,6.170586786624689e9,6.17058678662481e9
cFix,4.939936313801051e9,4.939936313801051e9
cVar,1.1276872622997348e9,1.1276872622998765e9
cNSE,3.452235397385249e7,3.45223539738525e7
cStart,6.844085655002986e7,6.844085655002986e7
cUnmetRsv,0.0,-
cNetworkExp,0.0,-
