Status,Solve,Objval
OPTIMAL,163.5880000591278,6.334127614775459e9
