Status,Solve,Objval
OPTIMAL,35.75999999046326,6.17058678662456e9
