Status,Solve,Objval
OPTIMAL,29.37118101119995,6.170586786624689e9
