Status,Solve,Objval
OPTIMAL,51.48099994659424,6.34021064864094e9
