Status,Solve,Objval
OPTIMAL,50.09700012207031,6.417573051486702e9
