Status,Solve,Objval
OPTIMAL,47.763999938964844,3.571268675156349e10
