Status,Solve,Objval
OPTIMAL,44.996999979019165,3.606690690859061e10
