Status,Solve,Objval
OPTIMAL,41.28200006484985,6.153912117855676e9
