Resource,Zone,StartCap,RetCap,NewCap,EndCap,StartEnergyCap,RetEnergyCap,NewEnergyCap,EndEnergyCap,StartChargeCap,RetChargeCap,NewChargeCap,EndChargeCap
natural_gas_ccs,1,0,0.0,2.8941547828899856e-11,2.8941547828899856e-11,0.0,0.0,0.0,0.0,0.0,0.0,0.0,0.0
solar_pv,1,0,0.0,7365.267178801449,7365.267178801449,0.0,0.0,0.0,0.0,0.0,0.0,0.0,0.0
onshore_wind,1,0,0.0,14875.929287734638,14875.929287734638,0.0,0.0,0.0,0.0,0.0,0.0,0.0,0.0
battery,1,0,0.0,1817.5564621731658,1817.5564621731658,0.0,0.0,4733.909362844177,4733.909362844177,0.0,0.0,0.0,0.0
offshore_wind,1,0,0.0,6.695533884056065e-12,6.695533884056065e-12,0.0,0.0,0.0,0.0,0.0,0.0,0.0,0.0
natural_gas,1,0,0.0,19656.871836893388,19656.871836893388,0.0,0.0,0.0,0.0,0.0,0.0,0.0,0.0
nuclear,1,0,0.0,0.0,0.0,0.0,0.0,0.0,0.0,0.0,0.0,0.0,0.0
Total,n/a,0,0.0,43715.624765602675,43715.624765602675,0.0,0.0,4733.909362844177,4733.909362844177,0.0,0.0,0.0,0.0
