Status,Solve,Objval
OPTIMAL,6.396999835968018,6.118821698653817e9
