Status,Solve,Objval
OPTIMAL,48.81100010871887,5.760313894864454e9
