Status,Solve,Objval
OPTIMAL,58.032999992370605,6.368734377690522e9
