Status,Solve,Objval
OPTIMAL,50.56499981880188,6.387401601899921e9
