Status,Solve,Objval
OPTIMAL,47.80399990081787,6.426535425291278e9
