Status,Solve,Objval
OPTIMAL,132.96099996566772,5.960033962376629e9
