Costs,Total,Zone1
cTotal,5.951066425120329e9,5.951066425120218e9
cFix,3.9935690632328796e9,3.9935690632328796e9
cVar,1.836349621276013e9,1.8363496212759228e9
cNSE,1.6574193421251424e7,1.6574193421251427e7
cStart,1.0457354719016352e8,1.0457354719016352e8
cUnmetRsv,0.0,-
cNetworkExp,0.0,-
