Status,Solve,Objval
OPTIMAL,68.37900018692017,5.951066425120329e9
