Status,Solve,Objval
OPTIMAL,154.19540691375732,3.484837331782628e10
