Status,Solve,Objval
OPTIMAL,41.55900001525879,6.157664397979564e9
