Status,Solve,Objval
OPTIMAL,43.1710000038147,5.938118258582601e9
