Status,Solve,Objval
OPTIMAL,35.72200012207031,3.400390620199548e10
