Status,Solve,Objval
OPTIMAL,286.39800000190735,3.4002430624580463e10
