Costs,Total,Zone1
cTotal,5.903893521804982e9,5.903893521805118e9
cFix,4.0164138418501196e9,4.0164138418501196e9
cVar,1.755631122064076e9,1.7556311220641263e9
cNSE,2.197280017959328e7,2.1972800179593284e7
cStart,1.0987575771127921e8,1.0987575771127921e8
cUnmetRsv,0.0,-
cNetworkExp,0.0,-
