Status,Solve,Objval
OPTIMAL,60.79900002479553,5.903893521804982e9
