Status,Solve,Objval
OPTIMAL,48.39300012588501,3.3994659608390827e10
