Status,Solve,Objval
OPTIMAL,45.870999813079834,5.938159178495506e9
