Status,Solve,Objval
OPTIMAL,249.7559998035431,3.3805159166817646e10
