Status,Solve,Objval
OPTIMAL,53.104000091552734,5.882396743105574e9
