Status,Solve,Objval
OPTIMAL,95.41600012779236,5.931059099330888e9
