Status,Solve,Objval
OPTIMAL,50.06099987030029,6.141467426011608e9
