Status,Solve,Objval
OPTIMAL,45.60300016403198,3.571265553960345e10
