Status,Solve,Objval
OPTIMAL,47.78699994087219,5.939544547992708e9
