Status,Solve,Objval
OPTIMAL,86.05800008773804,5.742667101562222e9
