Status,Solve,Objval
OPTIMAL,46.41100001335144,6.426535398271795e9
