Status,Solve,Objval
OPTIMAL,50.19500017166138,3.616808942558266e10
