Status,Solve,Objval
OPTIMAL,48.83200001716614,3.606691265997998e10
