Status,Solve,Objval
OPTIMAL,80.38099980354309,5.846119015299318e9
