Status,Solve,Objval
OPTIMAL,41.58200001716614,5.765001436232623e9
