Status,Solve,Objval
OPTIMAL,41.49300003051758,5.963471018945565e9
