Status,Solve,Objval
OPTIMAL,78.38499999046326,6.160270054935839e9
