Costs,Total,Zone1
cTotal,6.427563074273515e9,6.427563074273554e9
cFix,5.418023576085171e9,5.418023576085171e9
cVar,9.15382770340439e8,9.153827703404562e8
cNSE,5.117328560678409e7,5.117328560678407e7
cStart,4.2983442241141856e7,4.2983442241141856e7
cUnmetRsv,0.0,-
cNetworkExp,0.0,-
