Status,Solve,Objval
OPTIMAL,45.51100015640259,6.427563074273515e9
