Status,Solve,Objval
OPTIMAL,92.82299995422363,6.413614836702345e9
