Status,Solve,Objval
OPTIMAL,46.49899983406067,5.767953949825655e9
