Status,Solve,Objval
OPTIMAL,43.90599989891052,6.029183734632309e9
