Status,Solve,Objval
OPTIMAL,75.02500009536743,6.070731482001548e9
