Status,Solve,Objval
OPTIMAL,36.79199981689453,6.166936426867745e9
