Costs,Total,Zone1
cTotal,6.160269909801878e9,6.160269909801904e9
cFix,4.939314552439071e9,4.939314552439071e9
cVar,1.1193376662429495e9,1.119337666242973e9
cNSE,3.226415042209802e7,3.2264150422098022e7
cStart,6.935354069776191e7,6.935354069776191e7
cUnmetRsv,0.0,-
cNetworkExp,0.0,-
