Status,Solve,Objval
OPTIMAL,49.96799993515015,6.160269909801878e9
