Status,Solve,Objval
OPTIMAL,39.97000002861023,6.070736282679179e9
