Status,Solve,Objval
OPTIMAL,61.02500009536743,5.742666415112378e9
