Status,Solve,Objval
OPTIMAL,45.51600003242493,3.590972480298111e10
