Status,Solve,Objval
OPTIMAL,45.36199998855591,6.118394895371377e9
