Status,Solve,Objval
OPTIMAL,37.85799980163574,6.164486089456719e9
