Status,Solve,Objval
OPTIMAL,8.615999937057495,9.520693584700771e9
