Status,Solve,Objval
OPTIMAL,38.55200004577637,5.961884111062124e9
