Status,Solve,Objval
OPTIMAL,62.259000062942505,5.84612714129821e9
