Status,Solve,Objval
OPTIMAL,48.16199994087219,6.417572906122136e9
