Status,Solve,Objval
OPTIMAL,56.473000049591064,6.420876385567608e9
