Status,Solve,Objval
OPTIMAL,43.90000009536743,3.611289350829452e10
