Status,Solve,Objval
OPTIMAL,66.70199990272522,6.210717276151984e9
