Status,Solve,Objval
OPTIMAL,58.67199993133545,3.618548220042856e10
