Status,Solve,Objval
OPTIMAL,50.89999985694885,6.387402775139755e9
