Costs,Total,Zone1
cTotal,3.622338393122005e10,3.622338393121942e10
cFix,3.1564259224813698e10,3.1564259224813698e10
cVar,4.33639435579656e9,4.336394355795665e9
cNSE,1.7069921128185487e8,1.7069921128185493e8
cStart,1.520311393282056e8,1.520311393282056e8
cUnmetRsv,0.0,-
cNetworkExp,0.0,-
