Status,Solve,Objval
OPTIMAL,51.30900001525879,3.622338393122005e10
