Costs,Total,Zone1
cTotal,6.162526604131238e9,6.162526604131213e9
cFix,4.938843578092631e9,4.938843578092631e9
cVar,1.1213456309815538e9,1.1213456309815316e9
cNSE,3.298824404337026e7,3.2988244043370277e7
cStart,6.934915101367964e7,6.934915101367964e7
cUnmetRsv,0.0,-
cNetworkExp,0.0,-
