Status,Solve,Objval
OPTIMAL,44.22699999809265,6.162526604131238e9
