Status,Solve,Objval
OPTIMAL,51.71799993515015,5.760809305541276e9
