Status,Solve,Objval
OPTIMAL,56.99300003051758,3.590969837483979e10
