Status,Solve,Objval
OPTIMAL,40.71499991416931,6.428345022498933e9
