Status,Solve,Objval
OPTIMAL,12.926000118255615,7.878220593718235e9
