Status,Solve,Objval
OPTIMAL,229.44700002670288,3.619789037450501e10
