Resource,Zone,StartCap,RetCap,NewCap,EndCap,StartEnergyCap,RetEnergyCap,NewEnergyCap,EndEnergyCap,StartChargeCap,RetChargeCap,NewChargeCap,EndChargeCap
natural_gas_ccs,1,0,0.0,7457.913146135893,7457.913146135893,0.0,0.0,0.0,0.0,0.0,0.0,0.0,0.0
solar_pv,1,0,0.0,15234.07634355849,15234.07634355849,0.0,0.0,0.0,0.0,0.0,0.0,0.0,0.0
onshore_wind,1,0,0.0,26060.007205365833,26060.007205365833,0.0,0.0,0.0,0.0,0.0,0.0,0.0,0.0
battery,1,0,0.0,5661.518785448102,5661.518785448102,0.0,0.0,24831.600336424053,24831.600336424053,0.0,0.0,0.0,0.0
offshore_wind,1,0,0.0,3.1108850245381345e-10,3.1108850245381345e-10,0.0,0.0,0.0,0.0,0.0,0.0,0.0,0.0
natural_gas,1,0,0.0,5317.210172090066,5317.210172090066,0.0,0.0,0.0,0.0,0.0,0.0,0.0,0.0
nuclear,1,0,0.0,0.0,0.0,0.0,0.0,0.0,0.0,0.0,0.0,0.0,0.0
Total,n/a,0,0.0,59730.7256525987,59730.7256525987,0.0,0.0,24831.600336424053,24831.600336424053,0.0,0.0,0.0,0.0
