Status,Solve,Objval
OPTIMAL,5.129328966140747,7.731011975311958e9
