Status,Solve,Objval
OPTIMAL,68.05900001525879,6.131542025203121e9
