Status,Solve,Objval
OPTIMAL,49.22100019454956,3.61680906140388e10
