Status,Solve,Objval
OPTIMAL,44.621999979019165,6.42503051542693e9
