Status,Solve,Objval
OPTIMAL,67.00600004196167,5.919458116760013e9
