Status,Solve,Objval
OPTIMAL,55.16100001335144,5.734264757012528e9
