Status,Solve,Objval
OPTIMAL,64.4539999961853,6.423196739489236e9
