Costs,Total,Zone1
cTotal,6.162526776146967e9,6.162526776146945e9
cFix,4.938843750108398e9,4.938843750108398e9
cVar,1.1213456309815512e9,1.1213456309815297e9
cNSE,3.2988244043335482e7,3.298824404333549e7
cStart,6.934915101368043e7,6.934915101368043e7
cUnmetRsv,0.0,-
cNetworkExp,0.0,-
