Status,Solve,Objval
OPTIMAL,44.819000005722046,6.162526776146967e9
