Status,Solve,Objval
OPTIMAL,51.151000022888184,6.399626475784275e9
