Status,Solve,Objval
OPTIMAL,44.269999980926514,5.76080923878207e9
