Status,Solve,Objval
OPTIMAL,44.66000008583069,3.6218893804446945e10
