Status,Solve,Objval
OPTIMAL,16.106000185012817,1.0807679345818144e10
