Status,Solve,Objval
OPTIMAL,42.7810001373291,3.363802119824762e10
