Status,Solve,Objval
OPTIMAL,41.817999839782715,3.6227518210326256e10
