Status,Solve,Objval
OPTIMAL,57.5699999332428,3.606690908233912e10
