Status,Solve,Objval
OPTIMAL,63.174999952316284,6.340212130923118e9
