Status,Solve,Objval
OPTIMAL,41.23100018501282,6.164486049876486e9
