Status,Solve,Objval
OPTIMAL,74.39800000190735,6.423196775291827e9
