Status,Solve,Objval
OPTIMAL,61.82100009918213,5.7603060394409075e9
