Status,Solve,Objval
OPTIMAL,65.78499984741211,6.425030728173563e9
