Status,Solve,Objval
OPTIMAL,6.365000009536743,1.2624322073438295e10
