Status,Solve,Objval
OPTIMAL,73.04299998283386,6.340210625511023e9
