Status,Solve,Objval
OPTIMAL,91.13299989700317,6.296317097084297e9
