Status,Solve,Objval
OPTIMAL,37.69200015068054,5.767953985937906e9
