Status,Solve,Objval
OPTIMAL,44.68400001525879,5.938150682463674e9
