Status,Solve,Objval
OPTIMAL,48.43499994277954,6.425030519930636e9
