Status,Solve,Objval
OPTIMAL,41.96500015258789,3.571272000423744e10
