Status,Solve,Objval
OPTIMAL,44.52800011634827,5.946126699934056e9
