Status,Solve,Objval
OPTIMAL,72.50300002098083,6.417572876039197e9
