Status,Solve,Objval
OPTIMAL,36.24899983406067,5.970128957907528e9
