Status,Solve,Objval
OPTIMAL,55.4539999961853,6.423196948631289e9
