Status,Solve,Objval
OPTIMAL,50.65499997138977,6.162526679625138e9
