Status,Solve,Objval
OPTIMAL,47.20300006866455,5.95481894769039e9
