Status,Solve,Objval
OPTIMAL,41.37599992752075,6.157664566177335e9
