Status,Solve,Objval
OPTIMAL,46.58999991416931,6.131542859826268e9
