Status,Solve,Objval
OPTIMAL,51.70899987220764,6.340213981796425e9
