Status,Solve,Objval
OPTIMAL,69.63499999046326,3.3872452068975082e10
