Status,Solve,Objval
OPTIMAL,40.15899991989136,6.148773676817593e9
