Status,Solve,Objval
OPTIMAL,244.0090000629425,5.763092894532311e9
