Status,Solve,Objval
OPTIMAL,54.33500003814697,5.684866444383007e9
