Status,Solve,Objval
OPTIMAL,89.60699987411499,6.387402755233289e9
