Status,Solve,Objval
OPTIMAL,38.14299988746643,5.749351294648644e9
