Status,Solve,Objval
OPTIMAL,54.281999826431274,3.3997779506244473e10
