Status,Solve,Objval
OPTIMAL,421.72000002861023,3.380516564005252e10
