Status,Solve,Objval
OPTIMAL,48.77300000190735,6.340214951648662e9
