Costs,Total,Zone1
cTotal,6.687040336329618e9,6.68704033632968e9
cFix,5.362737369606759e9,5.362737369606759e9
cVar,1.2453233522335474e9,1.2453233522336447e9
cNSE,4.3088114503477044e7,4.308811450347705e7
cStart,3.58914999858e7,3.58914999858e7
cUnmetRsv,0.0,-
cNetworkExp,0.0,-
