Costs,Total,Zone1
cTotal,6.430831830966151e9,6.430831830966176e9
cFix,5.42697296844178e9,5.42697296844178e9
cVar,9.076935372629436e8,9.076935372629706e8
cNSE,5.356356610312698e7,5.356356610312697e7
cStart,4.260175915829909e7,4.260175915829909e7
cUnmetRsv,0.0,-
cNetworkExp,0.0,-
