Status,Solve,Objval
OPTIMAL,79.85500001907349,6.687040336329618e9
