Status,Solve,Objval
OPTIMAL,35.193843841552734,6.430831830966183e9
