Status,Solve,Objval
OPTIMAL,69.11100006103516,6.430831830966151e9
