Status,Solve,Objval
OPTIMAL,50.09699988365173,5.749351280142138e9
