Status,Solve,Objval
OPTIMAL,43.1560001373291,5.76080939397425e9
