Status,Solve,Objval
OPTIMAL,119.51199984550476,3.622751833919043e10
