Status,Solve,Objval
OPTIMAL,52.10199999809265,6.399625961764313e9
