Status,Solve,Objval
OPTIMAL,38.621999979019165,5.767953967691824e9
