Status,Solve,Objval
OPTIMAL,53.77799987792969,3.6112891615879005e10
