Region,Resource,Zone,Cluster,AnnualSum
NE,natural_gas_ccs,1,1,3.2682198336576214e9
NE,solar_pv,1,1,9.321430135414323e8
NE,onshore_wind,1,1,2.5849055528035245e9
NE,battery,1,0,6.189494474235523e8
NE,offshore_wind,1,1,1.3258633519285777e-7
NE,natural_gas,1,1,1.1100671313084903e9
NE,nuclear,1,1,0.0
NE,fusion,1,1,1.5168119278124914e-6
