Status,Solve,Objval
OPTIMAL,13.134999990463257,7.7310119753117e9
