Costs,Total,Zone1
cTotal,5.970128957903113e9,5.970128957903189e9
cFix,3.9476941698406734e9,3.9476941698406734e9
cVar,1.8978396726300676e9,1.8978396726301582e9
cNSE,1.9112819082930718e7,1.911281908293072e7
cStart,1.0548229634942594e8,1.0548229634942594e8
cUnmetRsv,0.0,-
cNetworkExp,0.0,-
