Status,Solve,Objval
OPTIMAL,35.55800008773804,5.970128957907528e9
