Status,Solve,Objval
OPTIMAL,63.3289999961853,6.108953557215858e9
