Status,Solve,Objval
OPTIMAL,31.943108081817627,5.970128957903113e9
