Status,Solve,Objval
OPTIMAL,46.01799988746643,6.368734398383448e9
