Status,Solve,Objval
OPTIMAL,44.13499999046326,5.9510661960104265e9
