Status,Solve,Objval
OPTIMAL,46.948999881744385,6.029177332435461e9
