Status,Solve,Objval
OPTIMAL,83.78099989891052,5.846122946233228e9
