Status,Solve,Objval
OPTIMAL,43.68600010871887,6.420876400761129e9
