Status,Solve,Objval
OPTIMAL,43.455114126205444,6.844522913393686e9
