Status,Solve,Objval
OPTIMAL,47.449000120162964,5.939544050210123e9
