Status,Solve,Objval
OPTIMAL,44.28400015830994,6.148773728837312e9
