Status,Solve,Objval
OPTIMAL,39.54299998283386,5.964861539131455e9
