Status,Solve,Objval
OPTIMAL,41.1489999294281,6.428344992198288e9
