Status,Solve,Objval
OPTIMAL,58.17899990081787,5.951066135408716e9
