Status,Solve,Objval
OPTIMAL,50.41799998283386,6.099040888453508e9
