Status,Solve,Objval
OPTIMAL,58.96600008010864,6.368732127912407e9
