Status,Solve,Objval
OPTIMAL,48.54599976539612,6.407985569609774e9
