Status,Solve,Objval
OPTIMAL,45.431999921798706,6.368732859050265e9
