Status,Solve,Objval
OPTIMAL,45.46000003814697,5.722198546214997e9
