Status,Solve,Objval
OPTIMAL,105.39499998092651,3.600185807420838e10
