Status,Solve,Objval
OPTIMAL,47.63000011444092,5.939544758046043e9
