Costs,Total,Zone1
cTotal,3.621352905248339e10,3.621352905248433e10
cFix,3.1535564096063213e10,3.1535564096063213e10
cVar,4.355561392550176e9,4.355561392550653e9
cNSE,1.7218730205403438e8,1.7218730205403435e8
cStart,1.5021626181642622e8,1.5021626181642622e8
cUnmetRsv,0.0,-
cNetworkExp,0.0,-
