Status,Solve,Objval
OPTIMAL,44.848999977111816,3.621352905248339e10
