Status,Solve,Objval
OPTIMAL,51.44199991226196,5.919457342437544e9
