Status,Solve,Objval
OPTIMAL,125.80299997329712,6.210705039253612e9
