Costs,Total,Zone1
cTotal,5.706493441227399e9,5.706493441227672e9
cFix,3.81832513269703e9,3.81832513269703e9
cVar,1.76783561778971e9,1.7678356177898915e9
cNSE,2.1816041969147872e7,2.181604196914788e7
cStart,9.851664877160281e7,9.851664877160281e7
cUnmetRsv,0.0,-
cNetworkExp,0.0,-
