Status,Solve,Objval
OPTIMAL,50.144999980926514,5.706493441227399e9
