Status,Solve,Objval
OPTIMAL,43.805999994277954,6.141466862135041e9
