Status,Solve,Objval
OPTIMAL,44.76800012588501,6.11839437515314e9
