Status,Solve,Objval
OPTIMAL,49.37700009346008,5.722198113744914e9
