Costs,Total,Zone1
cTotal,5.882394726721812e9,5.882394726721864e9
cFix,4.0455690936119404e9,4.0455690936119404e9
cVar,1.7059710640848937e9,1.70597106408503e9
cNSE,2.4771313650451187e7,2.4771313650451194e7
cStart,1.0608325537444127e8,1.0608325537444127e8
cUnmetRsv,0.0,-
cNetworkExp,0.0,-
