Status,Solve,Objval
OPTIMAL,43.46499991416931,5.882394726721812e9
