Status,Solve,Objval
OPTIMAL,58.817999839782715,6.426535384531798e9
