Status,Solve,Objval
OPTIMAL,161.26500010490417,3.6144880451055725e10
