Status,Solve,Objval
OPTIMAL,53.55199980735779,6.413614695830551e9
