Status,Solve,Objval
OPTIMAL,102.81900000572205,6.407985551274136e9
