Status,Solve,Objval
OPTIMAL,57.65700006484985,5.957763520931476e9
