Status,Solve,Objval
OPTIMAL,117.39800000190735,5.846129455022695e9
