Status,Solve,Objval
OPTIMAL,41.811999797821045,5.757918365196866e9
