Status,Solve,Objval
OPTIMAL,65.35300016403198,3.396476719427468e10
