Status,Solve,Objval
OPTIMAL,50.751999855041504,6.399625980870035e9
