Status,Solve,Objval
OPTIMAL,71.04399991035461,3.621889367573918e10
