Status,Solve,Objval
OPTIMAL,40.03600001335144,5.961883895557441e9
