Status,Solve,Objval
OPTIMAL,65.9520001411438,6.413614762345821e9
