Status,Solve,Objval
OPTIMAL,41.72599983215332,5.954818744768082e9
