Status,Solve,Objval
OPTIMAL,47.301000118255615,5.939544174878802e9
