Status,Solve,Objval
OPTIMAL,48.501999855041504,6.099043740380222e9
