Status,Solve,Objval
OPTIMAL,43.15400004386902,6.428344987334837e9
