Status,Solve,Objval
OPTIMAL,55.623000144958496,5.954818848079704e9
