Status,Solve,Objval
OPTIMAL,43.18400001525879,6.14146720812923e9
