Costs,Total,Zone1
cTotal,3.622338484805289e10,3.622338484805219e10
cFix,3.1564260141646496e10,3.1564260141646496e10
cVar,4.336394355796539e9,4.3363943557956705e9
cNSE,1.7069921128181377e8,1.7069921128181377e8
cStart,1.520311393282061e8,1.520311393282061e8
cUnmetRsv,0.0,-
cNetworkExp,0.0,-
