Status,Solve,Objval
OPTIMAL,45.91600012779236,3.622338484805289e10
