Status,Solve,Objval
OPTIMAL,47.263999938964844,5.957763594508702e9
