Status,Solve,Objval
OPTIMAL,47.402000188827515,6.153912236802932e9
