Status,Solve,Objval
OPTIMAL,63.986000061035156,3.600186152049152e10
