Status,Solve,Objval
OPTIMAL,47.66499996185303,5.961883931408655e9
