Status,Solve,Objval
OPTIMAL,61.05999994277954,6.417572858203421e9
