cost_type,fusion,no_fusion
fixed,248811849616.06625,286716201010.9195
variable,25695249645.617226,19784881246.85716
NSE,1241097068.3277018,778062609.0792629
