Status,Solve,Objval
OPTIMAL,50.39199995994568,5.757918369908402e9
