Status,Solve,Objval
OPTIMAL,36.35700011253357,6.16591631500349e9
