Status,Solve,Objval
OPTIMAL,48.545000076293945,6.428345181323888e9
