Status,Solve,Objval
OPTIMAL,58.41700005531311,5.951066295859686e9
