Status,Solve,Objval
OPTIMAL,41.264999866485596,5.749351540080681e9
