Status,Solve,Objval
OPTIMAL,53.740999937057495,6.340212154053016e9
