Status,Solve,Objval
OPTIMAL,37.21600008010864,5.767954235578014e9
