Status,Solve,Objval
OPTIMAL,91.65499997138977,3.618548242212989e10
