Status,Solve,Objval
OPTIMAL,34.66200017929077,3.622751894197081e10
