Status,Solve,Objval
OPTIMAL,41.78699994087219,5.957763611491584e9
