Status,Solve,Objval
OPTIMAL,44.51099991798401,3.620699783666968e10
