Status,Solve,Objval
OPTIMAL,175.06699991226196,6.210705693639837e9
