Status,Solve,Objval
OPTIMAL,48.21300005912781,5.75791846439962e9
