Status,Solve,Objval
OPTIMAL,47.78600001335144,5.931058816819007e9
