Status,Solve,Objval
OPTIMAL,71.85199999809265,6.340214928518577e9
