Status,Solve,Objval
OPTIMAL,68.52600002288818,5.760313480085635e9
