Status,Solve,Objval
OPTIMAL,44.805999994277954,6.428344982311757e9
