Status,Solve,Objval
OPTIMAL,51.269999980926514,6.420876219466156e9
