Status,Solve,Objval
OPTIMAL,65.94600009918213,5.960033998707072e9
