Costs,Total,Zone1
cTotal,3.39105865853149e10,3.3910586585314896e10
cFix,2.349912371557916e10,2.349912371557916e10
cVar,9.959691694665264e9,9.959691694664762e9
cNSE,1.2456111470969383e8,1.2456111470969385e8
cStart,3.272100603612823e8,3.272100603612823e8
cUnmetRsv,0.0,-
cNetworkExp,0.0,-
