Status,Solve,Objval
OPTIMAL,45.21400022506714,3.39105865853149e10
