Status,Solve,Objval
OPTIMAL,160.75800013542175,6.210735728598576e9
