Status,Solve,Objval
OPTIMAL,108.9449999332428,6.070733177306313e9
