Status,Solve,Objval
OPTIMAL,18.28600001335144,1.0971752818992085e10
