Status,Solve,Objval
OPTIMAL,42.29199981689453,5.766547762802443e9
