Costs,Total,Zone1
cTotal,5.882397953337159e9,5.88239795333711e9
cFix,4.0455723202261515e9,4.0455723202261515e9
cVar,1.705971064084924e9,1.7059710640849643e9
cNSE,2.477131365156707e7,2.477131365156708e7
cStart,1.0608325537442617e8,1.0608325537442617e8
cUnmetRsv,0.0,-
cNetworkExp,0.0,-
