Status,Solve,Objval
OPTIMAL,108.98800015449524,5.882397953337159e9
