Costs,Total,Zone1
cTotal,6.4275628375185375e9,6.427562837518586e9
cFix,5.4180233310983095e9,5.4180233310983095e9
cVar,9.153828038033731e8,9.153828038034726e8
cNSE,5.117328205817807e7,5.117328205817806e7
cStart,4.2983420558626615e7,4.2983420558626615e7
cUnmetRsv,0.0,-
cNetworkExp,0.0,-
