Status,Solve,Objval
OPTIMAL,50.57800006866455,6.4275628375185375e9
