Status,Solve,Objval
OPTIMAL,50.74900007247925,5.903891630836774e9
