Status,Solve,Objval
OPTIMAL,71.95000004768372,5.957763537917474e9
