Status,Solve,Objval
OPTIMAL,56.40999984741211,6.413614845337693e9
