Costs,Total,Zone1
cTotal,6.42756287943734e9,6.427562879437367e9
cFix,5.418023381248982e9,5.418023381248982e9
cVar,9.153827703404498e8,9.153827703404624e8
cNSE,5.117328560678178e7,5.117328560678178e7
cStart,4.2983442241141744e7,4.2983442241141744e7
cUnmetRsv,0.0,-
cNetworkExp,0.0,-
