Status,Solve,Objval
OPTIMAL,40.41600012779236,6.42756287943734e9
