Status,Solve,Objval
OPTIMAL,58.49899983406067,6.407985882834175e9
