Status,Solve,Objval
OPTIMAL,55.68899989128113,5.963470778181255e9
