Status,Solve,Objval
OPTIMAL,52.437000036239624,3.6168089891130035e10
