Status,Solve,Objval
OPTIMAL,50.598000049591064,5.684868432625279e9
