Status,Solve,Objval
OPTIMAL,40.18899989128113,6.157664545581864e9
