Status,Solve,Objval
OPTIMAL,63.34599995613098,5.760305586217663e9
