Status,Solve,Objval
OPTIMAL,55.71199989318848,3.600184673434924e10
