Status,Solve,Objval
OPTIMAL,48.57100009918213,5.722197334878388e9
