Status,Solve,Objval
OPTIMAL,16.585000038146973,9.391310918824879e9
