Costs,Total,Zone1
cTotal,3.621352889227055e10,3.621352889227157e10
cFix,3.153556393585046e10,3.153556393585046e10
cVar,4.355561392550175e9,4.355561392550641e9
cNSE,1.7218730205403936e8,1.721873020540393e8
cStart,1.50216261816427e8,1.50216261816427e8
cUnmetRsv,0.0,-
cNetworkExp,0.0,-
