Status,Solve,Objval
OPTIMAL,103.55100011825562,3.621352889227055e10
