Status,Solve,Objval
OPTIMAL,47.92899990081787,6.40798590116982e9
