Status,Solve,Objval
OPTIMAL,83.84400010108948,3.3934324970285355e10
