Status,Solve,Objval
OPTIMAL,62.180999994277954,5.763092925242544e9
