Status,Solve,Objval
OPTIMAL,48.25800013542175,5.760290748089158e9
