Status,Solve,Objval
OPTIMAL,46.05900001525879,6.118395716817051e9
