Costs,Total,Zone1
cTotal,6.42756282978068e9,6.427562829780731e9
cFix,5.418023323360443e9,5.418023323360443e9
cVar,9.153828038033687e8,9.153828038034614e8
cNSE,5.1173282058200255e7,5.117328205820025e7
cStart,4.298342055862713e7,4.298342055862713e7
cUnmetRsv,0.0,-
cNetworkExp,0.0,-
