Status,Solve,Objval
OPTIMAL,54.87100005149841,6.42756282978068e9
