Costs,Total,Zone1
cTotal,5.882392965226624e9,5.882392965226587e9
cFix,4.0455673321171207e9,4.0455673321171207e9
cVar,1.705971064085012e9,1.7059710640850556e9
cNSE,2.4771313649963647e7,2.4771313649963655e7
cStart,1.0608325537444787e8,1.0608325537444787e8
cUnmetRsv,0.0,-
cNetworkExp,0.0,-
