Status,Solve,Objval
OPTIMAL,44.70300006866455,5.882392965226624e9
