Status,Solve,Objval
OPTIMAL,53.12999987602234,3.3638039456324802e10
