Status,Solve,Objval
OPTIMAL,11.378000020980835,8.079431002231201e9
