Status,Solve,Objval
OPTIMAL,97.42003417015076,3.4009176434938705e10
