Costs,Total,Zone1
cTotal,6.160270027572278e9,6.160270027572312e9
cFix,4.939314670209419e9,4.939314670209419e9
cVar,1.119337666242943e9,1.1193376662429698e9
cNSE,3.2264150422163196e7,3.2264150422163203e7
cStart,6.935354069776057e7,6.935354069776057e7
cUnmetRsv,0.0,-
cNetworkExp,0.0,-
