Status,Solve,Objval
OPTIMAL,55.54900002479553,6.160270027572278e9
