Status,Solve,Objval
OPTIMAL,14.496000051498413,1.0160280269664368e10
