Status,Solve,Objval
OPTIMAL,48.62000012397766,5.754321658198341e9
