Status,Solve,Objval
OPTIMAL,47.2720000743866,6.165916528586253e9
