Status,Solve,Objval
OPTIMAL,44.86199998855591,3.62258578586064e10
