Status,Solve,Objval
OPTIMAL,46.967000007629395,5.754321827170589e9
