Status,Solve,Objval
OPTIMAL,49.628000020980835,6.3687338323273325e9
