Status,Solve,Objval
OPTIMAL,6.699000120162964,8.45646257052178e9
