Status,Solve,Objval
OPTIMAL,49.164000034332275,6.118396178365605e9
