Status,Solve,Objval
OPTIMAL,40.06500005722046,5.957763627852389e9
