Costs,Total,Zone1
cTotal,5.766547791905583e9,5.766547791905768e9
cFix,3.767263717867055e9,3.767263717867055e9
cVar,1.881831793311517e9,1.881831793311722e9
cNSE,1.6116331344375007e7,1.6116331344375009e7
cStart,1.0133594938261732e8,1.0133594938261732e8
cUnmetRsv,0.0,-
cNetworkExp,0.0,-
