Status,Solve,Objval
OPTIMAL,41.730000019073486,5.766547791905583e9
