Status,Solve,Objval
OPTIMAL,65.2350001335144,6.420876263814372e9
