Status,Solve,Objval
OPTIMAL,44.86699986457825,5.760809376236947e9
