Status,Solve,Objval
OPTIMAL,44.25699996948242,5.951066442754903e9
