Costs,Total,Zone1
cTotal,6.42756286770908e9,6.427562867709137e9
cFix,5.418023361288719e9,5.418023361288719e9
cVar,9.153828038033707e8,9.153828038034707e8
cNSE,5.117328205832261e7,5.11732820583226e7
cStart,4.298342055862383e7,4.298342055862383e7
cUnmetRsv,0.0,-
cNetworkExp,0.0,-
