Status,Solve,Objval
OPTIMAL,54.30900001525879,6.42756286770908e9
