Status,Solve,Objval
OPTIMAL,58.74500012397766,6.399626456678689e9
