Status,Solve,Objval
OPTIMAL,51.723000049591064,3.622585708519493e10
