Status,Solve,Objval
OPTIMAL,55.43600010871887,5.734264459674138e9
