Status,Solve,Objval
OPTIMAL,43.60199999809265,6.368732148605296e9
