Status,Solve,Objval
OPTIMAL,48.062000036239624,3.614487918191462e10
