Status,Solve,Objval
OPTIMAL,41.22099995613098,5.647443629906879e9
