Status,Solve,Objval
OPTIMAL,55.50999999046326,5.722196810976309e9
