Status,Solve,Objval
OPTIMAL,63.71299982070923,6.407985606512454e9
