Status,Solve,Objval
OPTIMAL,46.30800008773804,5.960034055164428e9
