Status,Solve,Objval
OPTIMAL,44.121999979019165,5.7543217163214655e9
