Status,Solve,Objval
OPTIMAL,43.91600012779236,3.622751823836588e10
