Status,Solve,Objval
OPTIMAL,45.56599998474121,3.606691468744354e10
