Status,Solve,Objval
OPTIMAL,43.502999782562256,6.029173582447722e9
