Status,Solve,Objval
OPTIMAL,41.27899980545044,6.153912063292819e9
