Status,Solve,Objval
OPTIMAL,72.01100015640259,6.425030505295663e9
