Status,Solve,Objval
OPTIMAL,54.920000076293945,6.428345012612465e9
