Status,Solve,Objval
OPTIMAL,31.55900001525879,4.879950304085716e9
