Status,Solve,Objval
OPTIMAL,50.26200008392334,5.556233556902204e9
