Status,Solve,Objval
OPTIMAL,41.294999837875366,6.428345191210493e9
