Status,Solve,Objval
OPTIMAL,38.60199999809265,5.957763467978511e9
