Status,Solve,Objval
OPTIMAL,49.598000049591064,5.684864784947033e9
