Status,Solve,Objval
OPTIMAL,4.9049999713897705,7.878220593718048e9
