Status,Solve,Objval
OPTIMAL,324.91100001335144,3.391058879267421e10
