Status,Solve,Objval
OPTIMAL,162.46599984169006,5.556209891082953e9
