Status,Solve,Objval
OPTIMAL,65.28200006484985,5.954818858134099e9
