Status,Solve,Objval
OPTIMAL,40.87999987602234,5.964861558753379e9
