Status,Solve,Objval
OPTIMAL,45.78499984741211,6.399626262609563e9
